{
	"info": {
		"_postman_id": "c6141cb5-d884-4b87-898b-7574e5e2a669",
		"name": "Note App",
		"schema": "https://schema.getpostman.com/json/collection/v2.1.0/collection.json",
		"_exporter_id": "14791724"
	},
	"item": [
		{
			"name": "Create Note",
			"request": {
				"method": "POST",
				"header": [],
				"body": {
					"mode": "raw",
					"raw": "{\r\n    \"title\": \"You'll learn how to build a CRUD API with Django\",\r\n    \"content\": \"Django REST framework is really easy to use\",\r\n    \"category\": \"Python\"\r\n}",
					"options": {
						"raw": {
							"language": "json"
						}
					}
				},
				"url": {
					"raw": "http://localhost:8000/api/notes/",
					"protocol": "http",
					"host": [
						"localhost"
					],
					"port": "8000",
					"path": [
						"api",
						"notes",
						""
					]
				}
			},
			"response": []
		},
		{
			"name": "Get  Note",
			"request": {
				"method": "GET",
				"header": [],
				"url": {
					"raw": "http://localhost:8000/api/notes/1",
					"protocol": "http",
					"host": [
						"localhost"
					],
					"port": "8000",
					"path": [
						"api",
						"notes",
						"1"
					]
				}
			},
			"response": []
		},
		{
			"name": "Health Checker",
			"request": {
				"method": "GET",
				"header": [],
				"url": {
					"raw": "http://localhost:8000/api/healthchecker",
					"protocol": "http",
					"host": [
						"localhost"
					],
					"port": "8000",
					"path": [
						"api",
						"healthchecker"
					]
				}
			},
			"response": []
		},
		{
			"name": "Update  Note",
			"request": {
				"method": "PATCH",
				"header": [],
				"body": {
					"mode": "raw",
					"raw": "{\r\n    \"title\": \"This article will teach Django REST framework\"\r\n}",
					"options": {
						"raw": {
							"language": "json"
						}
					}
				},
				"url": {
					"raw": "http://localhost:8000/api/notes/168f98b3-c9c6-4dc1-8d8a-603ef1e91356",
					"protocol": "http",
					"host": [
						"localhost"
					],
					"port": "8000",
					"path": [
						"api",
						"notes",
						"168f98b3-c9c6-4dc1-8d8a-603ef1e91356"
					]
				}
			},
			"response": []
		},
		{
			"name": "Delete  Note",
			"request": {
				"method": "DELETE",
				"header": [],
				"url": {
					"raw": "http://localhost:8000/api/notes/168f98b3-c9c6-4dc1-8d8a-603ef1e91356",
					"protocol": "http",
					"host": [
						"localhost"
					],
					"port": "8000",
					"path": [
						"api",
						"notes",
						"168f98b3-c9c6-4dc1-8d8a-603ef1e91356"
					]
				}
			},
			"response": []
		},
		{
			"name": "Get All  Notes",
			"request": {
				"method": "GET",
				"header": [],
				"url": {
					"raw": "http://localhost:8000/api/notes?page=1&limit=10",
					"protocol": "http",
					"host": [
						"localhost"
					],
					"port": "8000",
					"path": [
						"api",
						"notes"
					],
					"query": [
						{
							"key": "page",
							"value": "1"
						},
						{
							"key": "limit",
							"value": "10"
						}
					]
				}
			},
			"response": []
		}
	]
}